POINTERS,EXPLANATION,,
App name ideas," Voyana, every journey, beautifully held",,
Vision statement,"Somewhere out there, a traveller is searching. And somewhere out there, an experience is waiting to be found. We are the bridge between the two â€” built on trust, designed for simplicity, and driven by one belief: Fearless and effortless exploration, because every journey should be simpler, safer, and more meaningful than the one before.",,
Mission statement,,,
Problem being solved,Trust,fragmentation,Visibility
Solution offered,"Tourists can discover, customise and book trusted travel packages with good deals",Providers can digitally manage and grow their business and take advantage of early information for better planning.,
Target users,"Tourists Demographics: Age: 20â€“45
 Urban professionals
 Families
 Couples
 Solo travelers","Tour Providers: Local tour operators
 Travel agencies
 Adventure organizers
 Trek leaders
 Cultural experience hosts
 
 Business Size:
 Small and medium operators
 Independent organizers
 Regional travel businesses","Travel Types: Weekend trips
 Group tours
 Spiritual tours
 Adventure travel
 Luxury travel"
Revenue model,Increasing disposable income,,
Market opportunity,"High-Growth Categories:
 Weekend travel
 Adventure tourism
 Spiritual tourism
 Luxury experiences
 Solo travel
 Women-only travel groups",,
Why now?,"Work-from-anywhere culture
 
 Social media influence
 
 Increasing disposable income
 
 Rise in domestic tourism",,
Competitive advantage,"Possible Competitive Advantages
 Verified Provider Ecosystem
 
 Strong KYC and quality checks.
 
 Hyperlocal Experiences
 
 Unique regional experiences unavailable on large platforms.
 
 Customization
 
 Flexible itinerary building.
 
 Technology-Driven Experience
 
 AI recommendations
 Smart matching
 Dynamic pricing
 
 Community & Trust
 
 Ratings
 Verified reviews
 Trip tracking
 Emergency support
 
 Focus on Smaller Operators
 
 Helping local providers digitize.",,
USP,"Verified local operators only
 AI-based personalized itineraries
 Real-time trip customization
 Transparent pricing
 Regional/local experiences
 Multi-language support
 Safety verification
 Women-only trips
 Hyperlocal hidden destinations",,
Meta headline,,,
Meta description,,,
